-- 2. 조인1 - 내부 조인
-- 실습 데이터 준비

-- 테이블이 존재하면 삭제 (실습을 위해 초기화)
DROP TABLE IF EXISTS orders;
DROP TABLE IF EXISTS users;
DROP TABLE IF EXISTS products;
DROP TABLE IF EXISTS employees;
DROP TABLE IF EXISTS sizes;
DROP TABLE IF EXISTS colors;

-- 고객 테이블 생성
CREATE TABLE users (
    user_id BIGINT AUTO_INCREMENT,
    name VARCHAR(255) NOT NULL,
    email VARCHAR(255) NOT NULL UNIQUE,
    address VARCHAR(255),
    birth_date DATE,
    created_at DATETIME DEFAULT CURRENT_TIMESTAMP,
    PRIMARY KEY (user_id)
);

-- 상품 테이블 생성
CREATE TABLE products (
    product_id BIGINT AUTO_INCREMENT,
    name VARCHAR(255) NOT NULL,
    category VARCHAR(100),
    price INT NOT NULL,
    stock_quantity INT NOT NULL,
    PRIMARY KEY (product_id)
);

-- 주문 테이블 생성
CREATE TABLE orders (
    order_id BIGINT AUTO_INCREMENT,
    user_id BIGINT NOT NULL,
    product_id BIGINT NOT NULL,
    order_date DATETIME DEFAULT CURRENT_TIMESTAMP,
    quantity INT NOT NULL,
    status VARCHAR(50) DEFAULT 'PENDING',
    PRIMARY KEY (order_id),

    CONSTRAINT fk_orders_users FOREIGN KEY (user_id)
        REFERENCES users(user_id),

    CONSTRAINT fk_orders_products FOREIGN KEY (product_id)
        REFERENCES products(product_id)
);

-- 직원 테이블 생성 (SELF JOIN 실습용)
CREATE TABLE employees (
    employee_id BIGINT AUTO_INCREMENT,
    name VARCHAR(255) NOT NULL,
    manager_id BIGINT,
    PRIMARY KEY (employee_id),
    FOREIGN KEY (manager_id) REFERENCES employees(employee_id)
);

-- 사이즈 테이블 (CROSS JOIN 실습용)
CREATE TABLE sizes (
    size VARCHAR(10) PRIMARY KEY
);

-- 색상 테이블 (CROSS JOIN 실습용)
CREATE TABLE colors (
    color VARCHAR(20) PRIMARY KEY
);

-- 고객 데이터 입력
INSERT INTO users(name, email, address, birth_date) VALUES
('션', 'sean@example.com', '서울시 강남구', '1990-01-15'),
('네이트', 'nate@example.com', '경기도 성남시', '1988-05-22'),
('세종대왕', 'sejong@example.com', '서울시 종로구', '1397-05-15'),
('이순신', 'sunsin@example.com', '전라남도 여수시', '1545-04-28'),
('마리 퀴리', 'marie@example.com', '서울시 강남구', '1867-11-07'),
('레오나르도 다빈치', 'vinci@example.com', '이탈리아 피렌체', '1452-04-15');

-- 상품 데이터 입력
INSERT INTO products(name, category, price, stock_quantity) VALUES
('프리미엄 게이밍 마우스', '전자기기', 75000, 50),
('기계식 키보드', '전자기기', 120000, 30),
('4K UHD 모니터', '전자기기', 350000, 20),
('관계형 데이터베이스 입문', '도서', 28000, 100),
('고급 가죽 지갑', '패션', 150000, 15),
('스마트 워치', '전자기기', 280000, 40);

-- 주문 데이터 입력
INSERT INTO orders(user_id, product_id, quantity, status, order_date) VALUES
(1, 1, 1, 'COMPLETED', '2025-06-10 10:00:00'),
(1, 4, 2, 'COMPLETED', '2025-06-10 10:05:00'),
(2, 2, 1, 'SHIPPED', '2025-06-11 14:20:00'),
(3, 4, 1, 'COMPLETED', '2025-06-12 09:00:00'),
(4, 3, 1, 'PENDING', '2025-06-15 11:30:00'),
(5, 1, 1, 'COMPLETED', '2025-06-16 18:00:00'),
(2, 1, 2, 'SHIPPED', '2025-06-17 12:00:00');

-- 직원 데이터 입력
INSERT INTO employees(employee_id, name, manager_id) VALUES
(1, '김회장', NULL),
(2, '박사장', 1),
(3, '이부장', 2),
(4, '최과장', 3),
(5, '정대리', 4),
(6, '홍사원', 4);

-- 사이즈 데이터 입력
INSERT INTO sizes(size) VALUES
('S'), ('M'), ('L'), ('XL');

-- 색상 데이터 입력
INSERT INTO colors(color) VALUES
('Red'), ('Blue'), ('Black');



-- 5. UNION
-- UNION

-- 본 실습을 위한 탈퇴 고객 테이블 생성
DROP TABLE IF EXISTS retired_users;
CREATE TABLE retired_users (
    id BIGINT PRIMARY KEY,
    name VARCHAR(255) NOT NULL,
    email VARCHAR(255) NOT NULL,
    retired_date DATE NOT NULL
);

-- 탈퇴 고객 데이터 입력
INSERT INTO retired_users (id, name, email, retired_date) VALUES
(1, '션', 'sean@example.com', '2024-12-31'),
(7, '아이작 뉴턴', 'newton@example.com', '2025-01-10');



-- 8. 인덱스1
-- 인덱스를 위한 샘플 데이터

-- 테이블이 존재하면 삭제 (실습을 위해 초기화)
DROP TABLE IF EXISTS items;
DROP TABLE IF EXISTS sellers;

-- 판매자 테이블 생성
CREATE TABLE sellers (
    seller_id INT PRIMARY KEY AUTO_INCREMENT,
    seller_name VARCHAR(100) UNIQUE NOT NULL,
    registered_date DATE NOT NULL
);

-- 상품 테이블 생성
CREATE TABLE items (
    item_id INT PRIMARY KEY AUTO_INCREMENT,
    seller_id INT NOT NULL,
    item_name VARCHAR(255) NOT NULL,
    category VARCHAR(100) NOT NULL,
    price INT NOT NULL,
    stock_quantity INT NOT NULL,
    registered_date DATE NOT NULL,
    is_active BOOLEAN NOT NULL,

    CONSTRAINT fk_items_sellers FOREIGN KEY (seller_id)
        REFERENCES sellers(seller_id)

);

-- 판매자 데이터 입력
INSERT INTO sellers (seller_id, seller_name, registered_date) VALUES
(1, '행복쇼핑', '2020-01-15'),
(2, '스마트상점', '2021-03-22'),
(3, '글로벌셀러', '2019-11-01'),
(4, '에코마켓', '2022-07-10'),
(5, '베스트딜', '2020-05-30'),
(6, '패션리더', '2023-01-05'),
(7, '리빙스타', '2021-09-12'),
(8, '테크월드', '2022-04-18'),
(9, '북스토리', '2020-08-25'),
(10, '헬스앤뷰티', '2023-03-01');

-- 상품 데이터 입력
INSERT INTO items (item_id, seller_id, item_name, category, price, stock_quantity, registered_date, is_active) VALUES
(1, 1, '무선 기계식 키보드', '전자기기', 120000, 100, '2022-01-20', TRUE),
(2, 1, '4K UHD 모니터', '전자기기', 450000, 50, '2022-02-15', TRUE),
(3, 2, '프리미엄 게이밍 마우스', '전자기기', 80000, 200, '2021-11-10', TRUE),
(4, 3, '관계형 데이터베이스 입문', '도서', 30000, 500, '2020-05-01', TRUE),
(5, 4, '친환경 세제', '생활용품', 15000, 300, '2023-08-01', FALSE),
(6, 5, '고급 가죽 지갑', '패션', 70000, 120, '2022-06-25', TRUE),
(7, 1, '스마트 워치', '전자기기', 250000, 80, '2023-03-10', TRUE),
(8, 6, '캐시미어 스웨터', '패션', 95000, 70, '2023-10-05', FALSE),
(9, 7, '아로마 디퓨저', '생활용품', 40000, 150, '2022-09-01', TRUE),
(10, 8, '게이밍 노트북', '전자기기', 1500000, 30, '2023-01-30', TRUE),
(11, 9, 'SQL 마스터 가이드', '도서', 35000, 400, '2021-04-12', TRUE),
(12, 10, '유기농 비누 세트', '헬스/뷰티', 20000, 250, '2023-02-20', FALSE),
(13, 1, '노이즈 캔슬링 헤드폰', '전자기기', 300000, 90, '2023-07-01', TRUE),
(14, 2, '인체공학 키보드', '전자기기', 90000, 110, '2022-05-05', TRUE),
(15, 3, '파이썬 프로그래밍 가이드', '도서', 28000, 600, '2021-01-01', FALSE),
(16, 4, '재활용 쇼핑백', '생활용품', 5000, 1000, '2023-09-15', TRUE),
(17, 5, '빈티지 가죽 백팩', '패션', 180000, 60, '2022-08-01', TRUE),
(18, 6, '여름용 린넨 셔츠', '패션', 45000, 180, '2023-04-20', TRUE),
(19, 7, '친환경 주방 세트', '생활용품', 60000, 130, '2022-10-10', FALSE),
(20, 8, '고성능 그래픽 카드', '전자기기', 800000, 40, '2023-06-01', TRUE),
(21, 9, '어린이를 위한 그림책', '도서', 18000, 700, '2022-03-01', TRUE),
(22, 10, '천연 에센셜 오일', '헬스/뷰티', 25000, 200, '2023-05-10', TRUE),
(23, 1, '휴대용 빔 프로젝터', '전자기기', 350000, 70, '2023-02-01', TRUE),
(24, 2, '게이밍 의자', '전자기기', 200000, 90, '2022-07-20', TRUE),
(25, 3, '세계사 탐험', '도서', 22000, 350, '2021-02-28', FALSE);



-- 10. 데이터 무결성
-- 외래 키 제약 조건

-- 실습을 위해 기존 테이블 삭제 후 CASCADE 옵션으로 재생성
DROP TABLE orders;

CREATE TABLE orders (
    order_id BIGINT AUTO_INCREMENT,
    user_id BIGINT NOT NULL,
    product_id BIGINT NOT NULL,
    order_date DATETIME DEFAULT CURRENT_TIMESTAMP,
    quantity INT NOT NULL,
    status VARCHAR(50) DEFAULT 'PENDING',
    PRIMARY KEY (order_id),

    CONSTRAINT fk_orders_users FOREIGN KEY (user_id) 
        REFERENCES users(user_id) ON DELETE CASCADE, -- CASCADE 옵션 추가

    CONSTRAINT fk_orders_products FOREIGN KEY (product_id)
        REFERENCES products(product_id)
);

-- 션 회원 다시 등록
INSERT INTO users(user_id, name, email, address, birth_date) VALUES
(1, '션', 'sean@example.com', '서울시 강남구', '1990-01-15');

-- 주문 데이터 다시 입력
INSERT INTO orders(user_id, product_id, quantity, status) VALUES
(1, 1, 1, 'COMPLETED'),
(1, 4, 2, 'COMPLETED'),
(2, 2, 1, 'SHIPPED');



-- 10. 데이터 무결성
-- CHECK 제약 조건

-- 실습을 위해 기존 테이블들을 삭제한다.
DROP TABLE IF EXISTS orders;
DROP TABLE IF EXISTS products;

-- CHECK 제약 조건을 추가하여 products 테이블 재생성
CREATE TABLE products (
    product_id BIGINT AUTO_INCREMENT PRIMARY KEY,
    name VARCHAR(255) NOT NULL,
    category VARCHAR(100),
    price INT NOT NULL CHECK (price >= 0),
    stock_quantity INT NOT NULL CHECK (stock_quantity >= 0),
    discount_rate DECIMAL(5, 2) DEFAULT 0.00 CHECK (discount_rate BETWEEN 0.00 AND 100.00)
);



-- 11. 트랜잭션
-- 커밋, 롤백

DROP TABLE IF EXISTS accounts;
CREATE TABLE accounts (
    id INT PRIMARY KEY,
    owner_name VARCHAR(255) NOT NULL,
    balance INT NOT NULL
);

-- 초기 데이터 입력
INSERT INTO accounts (id, owner_name, balance) VALUES
(1, 'A고객', 50000),
(2, 'B고객', 20000);



-- 12. 저장 프로시저, 함수, 트리거
-- 프로시저, 함수, 트리거 - 실습

DROP TABLE IF EXISTS logs;
CREATE TABLE logs (
    id INT AUTO_INCREMENT PRIMARY KEY,
    description VARCHAR(255),
    created_at DATETIME DEFAULT CURRENT_TIMESTAMP
);



-- 프로시저 생성 (CREATE PROCEDURE)

-- 구분자를 // 로 변경
DELIMITER //

CREATE PROCEDURE sp_change_user_address(
    IN user_id_param INT,
    IN new_address_param VARCHAR(255)
)
BEGIN
    -- 1. users 테이블의 주소 업데이트
    UPDATE users SET address = new_address_param WHERE user_id = user_id_param;
    
    -- 2. logs 테이블에 변경 이력 기록
    INSERT INTO logs (description) 
    VALUES (CONCAT('User ID ', user_id_param, ' 주소 변경 ', new_address_param));
END //

-- 구분자를 다시 ; 로 원상 복구
DELIMITER ;



-- 저장 함수 (Stored Function) 실습

DROP TABLE IF EXISTS stored_items;

CREATE TABLE stored_items (
    item_id BIGINT AUTO_INCREMENT PRIMARY KEY,
    name VARCHAR(255) NOT NULL,
    price INT NOT NULL,
    discount_rate DECIMAL(5, 2)
);

INSERT INTO stored_items (name, price, discount_rate) VALUES
('고성능 노트북', 1500000, 10.00),
('무선 마우스', 25000, 20.00),
('기계식 키보드', 120000, 30.00),
('4K 모니터', 450000, 40.00),
('전동 높이조절 책상', 800000, 50.00);



-- 함수 생성 (CREATE FUNCTION)

DELIMITER //

CREATE FUNCTION fn_get_final_price(
    price_param INT,
    discount_rate_param DECIMAL(5, 2)
)
RETURNS DECIMAL(10, 2)
DETERMINISTIC
BEGIN
    -- 최종 가격을 계산 (가격 * (1 - 할인율/100))
    RETURN price_param * (1 - discount_rate_param / 100);
END //

DELIMITER ;



--- 3. 트리거 (Trigger) 실습

-- 본 실습을 위한 탈퇴 고객 테이블 생성
DROP TABLE IF EXISTS retired_users;
CREATE TABLE retired_users (
    id BIGINT PRIMARY KEY,
    name VARCHAR(255) NOT NULL,
    email VARCHAR(255) NOT NULL,
    retired_date DATE NOT NULL
);

-- 탈퇴 고객 데이터 입력
INSERT INTO retired_users (id, name, email, retired_date) VALUES
(1, '션', 'sean@example.com', '2024-12-31'),
(7, '아이작 뉴턴', 'newton@example.com', '2025-01-10');



-- 트리거 생성 (CREATE TRIGGER)
DELIMITER //

CREATE TRIGGER trg_backup_user
BEFORE DELETE ON users
FOR EACH ROW
BEGIN
    INSERT INTO retired_users (id, name, email, retired_date)
    VALUES (OLD.user_id, OLD.name, OLD.email, CURDATE());
END //

DELIMITER ;